-- V7__create_rbac_tables.sql

-- Permissions Table
CREATE TABLE permissions (
    id UUID PRIMARY KEY,
    name VARCHAR(100) NOT NULL UNIQUE,
    description VARCHAR(255)
);

-- Roles Table
CREATE TABLE roles (
    id UUID PRIMARY KEY,
    name VARCHAR(50) NOT NULL UNIQUE,
    description VARCHAR(255)
);

-- Role-Permissions Join Table
CREATE TABLE role_permissions (
    role_id UUID NOT NULL REFERENCES roles(id) ON DELETE CASCADE,
    permission_id UUID NOT NULL REFERENCES permissions(id) ON DELETE CASCADE,
    PRIMARY KEY (role_id, permission_id)
);

-- Direct User-Permissions (Overrides) Join Table
CREATE TABLE user_permissions (
    user_id UUID NOT NULL REFERENCES users(id) ON DELETE CASCADE,
    permission_id UUID NOT NULL REFERENCES permissions(id) ON DELETE CASCADE,
    PRIMARY KEY (user_id, permission_id)
);

-- Seed Permissions data
INSERT INTO permissions (id, name, description) VALUES
    ('10000000-0000-0000-0000-000000000001', 'quiz:create', 'Create quiz templates'),
    ('10000000-0000-0000-0000-000000000002', 'quiz:update', 'Update quiz templates'),
    ('10000000-0000-0000-0000-000000000003', 'quiz:delete', 'Delete quiz templates'),
    ('10000000-0000-0000-0000-000000000004', 'quiz:publish', 'Publish quizzes to review/active states'),
    ('10000000-0000-0000-0000-000000000005', 'competition:create', 'Create active competitions'),
    ('10000000-0000-0000-0000-000000000006', 'competition:start', 'Manually trigger competition lobbies'),
    ('10000000-0000-0000-0000-000000000007', 'competition:end', 'Gracefully end competition and reward points'),
    ('10000000-0000-0000-0000-000000000008', 'leaderboard:view', 'View active real-time leaderboard scores'),
    ('10000000-0000-0000-0000-000000000009', 'analytics:view', 'View analytics snapshots'),
    ('10000000-0000-0000-0000-000000000010', 'analytics:export', 'Export high-volume analytics dumps'),
    ('10000000-0000-0000-0000-000000000011', 'user:manage', 'Manage status and profile flags of players'),
    ('10000000-0000-0000-0000-000000000012', 'admin:manage', 'Access SRE dashboards and administrative overrides'),
    ('10000000-0000-0000-0000-000000000013', 'notification:send', 'Send dynamic alerts and notifications'),
    ('10000000-0000-0000-0000-000000000014', 'audit:view', 'View complete security compliance transaction logs');

-- Seed Roles data
INSERT INTO roles (id, name, description) VALUES
    ('20000000-0000-0000-0000-000000000001', 'ROLE_PLAYER', 'Standard participant on assessments and tournaments'),
    ('20000000-0000-0000-0000-000000000002', 'ROLE_MODERATOR', 'Moderates proctoring alerts and user standings'),
    ('20000000-0000-0000-0000-000000000003', 'ROLE_ORGANIZER', 'Organizes competitions, starts lobbies, and publishes templates'),
    ('20000000-0000-0000-0000-000000000004', 'ROLE_ADMIN', 'Manages standard business parameters and analytical snap reviews'),
    ('20000000-0000-0000-0000-000000000005', 'ROLE_SUPER_ADMIN', 'Absolute systems oversight and override capabilities');

-- Assign Permissions to Roles (Role templates matching Deliverable 4)
-- 1. ROLE_PLAYER permissions: leaderboard:view
INSERT INTO role_permissions (role_id, permission_id) VALUES
    ('20000000-0000-0000-0000-000000000001', '10000000-0000-0000-0000-000000000008');

-- 2. ROLE_MODERATOR permissions: leaderboard:view, analytics:view
INSERT INTO role_permissions (role_id, permission_id) VALUES
    ('20000000-0000-0000-0000-000000000002', '10000000-0000-0000-0000-000000000008'),
    ('20000000-0000-0000-0000-000000000002', '10000000-0000-0000-0000-000000000009');

-- 3. ROLE_ORGANIZER permissions: quiz:create, quiz:update, quiz:publish, competition:create, competition:start, competition:end, leaderboard:view, analytics:view
INSERT INTO role_permissions (role_id, permission_id) VALUES
    ('20000000-0000-0000-0000-000000000003', '10000000-0000-0000-0000-000000000001'),
    ('20000000-0000-0000-0000-000000000003', '10000000-0000-0000-0000-000000000002'),
    ('20000000-0000-0000-0000-000000000003', '10000000-0000-0000-0000-000000000004'),
    ('20000000-0000-0000-0000-000000000003', '10000000-0000-0000-0000-000000000005'),
    ('20000000-0000-0000-0000-000000000003', '10000000-0000-0000-0000-000000000006'),
    ('20000000-0000-0000-0000-000000000003', '10000000-0000-0000-0000-000000000007'),
    ('20000000-0000-0000-0000-000000000003', '10000000-0000-0000-0000-000000000008'),
    ('20000000-0000-0000-0000-000000000003', '10000000-0000-0000-0000-000000000009');

-- 4. ROLE_ADMIN permissions: All except admin:manage
INSERT INTO role_permissions (role_id, permission_id) VALUES
    ('20000000-0000-0000-0000-000000000004', '10000000-0000-0000-0000-000000000001'),
    ('20000000-0000-0000-0000-000000000004', '10000000-0000-0000-0000-000000000002'),
    ('20000000-0000-0000-0000-000000000004', '10000000-0000-0000-0000-000000000003'),
    ('20000000-0000-0000-0000-000000000004', '10000000-0000-0000-0000-000000000004'),
    ('20000000-0000-0000-0000-000000000004', '10000000-0000-0000-0000-000000000005'),
    ('20000000-0000-0000-0000-000000000004', '10000000-0000-0000-0000-000000000006'),
    ('20000000-0000-0000-0000-000000000004', '10000000-0000-0000-0000-000000000007'),
    ('20000000-0000-0000-0000-000000000004', '10000000-0000-0000-0000-000000000008'),
    ('20000000-0000-0000-0000-000000000004', '10000000-0000-0000-0000-000000000009'),
    ('20000000-0000-0000-0000-000000000004', '10000000-0000-0000-0000-000000000010'),
    ('20000000-0000-0000-0000-000000000004', '10000000-0000-0000-0000-000000000011'),
    ('20000000-0000-0000-0000-000000000004', '10000000-0000-0000-0000-000000000013'),
    ('20000000-0000-0000-0000-000000000004', '10000000-0000-0000-0000-000000000014');

-- 5. ROLE_SUPER_ADMIN permissions: All permissions
INSERT INTO role_permissions (role_id, permission_id) VALUES
    ('20000000-0000-0000-0000-000000000005', '10000000-0000-0000-0000-000000000001'),
    ('20000000-0000-0000-0000-000000000005', '10000000-0000-0000-0000-000000000002'),
    ('20000000-0000-0000-0000-000000000005', '10000000-0000-0000-0000-000000000003'),
    ('20000000-0000-0000-0000-000000000005', '10000000-0000-0000-0000-000000000004'),
    ('20000000-0000-0000-0000-000000000005', '10000000-0000-0000-0000-000000000005'),
    ('20000000-0000-0000-0000-000000000005', '10000000-0000-0000-0000-000000000006'),
    ('20000000-0000-0000-0000-000000000005', '10000000-0000-0000-0000-000000000007'),
    ('20000000-0000-0000-0000-000000000005', '10000000-0000-0000-0000-000000000008'),
    ('20000000-0000-0000-0000-000000000005', '10000000-0000-0000-0000-000000000009'),
    ('20000000-0000-0000-0000-000000000005', '10000000-0000-0000-0000-000000000010'),
    ('20000000-0000-0000-0000-000000000005', '10000000-0000-0000-0000-000000000011'),
    ('20000000-0000-0000-0000-000000000005', '10000000-0000-0000-0000-000000000012'),
    ('20000000-0000-0000-0000-000000000005', '10000000-0000-0000-0000-000000000013'),
    ('20000000-0000-0000-0000-000000000005', '10000000-0000-0000-0000-000000000014');
